text,label
√âcouter maintenant D√©tendez-vous et profitez d‚Äôune s√©lection de lounge ambient.,1
"Clerprem a, quant √† elle, √©t√© prim√©e dans la cat√©gorie des fournisseurs de moins de 500 employ√©s pour l'innovation remarquable dont elle a fait preuve au chapitre des produits, notamment en utilisant un si√®ge ultral√©ger pour am√©liorer la performance environnementale, et pour son engagement social √† respecter les normes rigoureuses de ses clients.",1
Ce show est vendu par FunBrunettee,1
"Il nous a fallu un peu plus de temps pour obtenir celui-ci lib√©r√©, mais il √©tait certainement la peine d'attendre!",0
Tu la pr√™tes √† Joey ?,0
"10 Vous habiterez avec nous, et le pays sera √† votre disposition; restez, pour y trafiquer et y acqu√©rir des propri√©t√©s.",1
"Si les param√®tres de votre logiciel que vous utilisez pour afficher ce site Web (votre navigateur) sont adapt√©s pour accepter les cookies, nous prenons ceci, et votre utilisation continue de notre site Web, pour signifier que vous √™tes d'accord avec cela.",1
Il est en train de boire de l'alcool avec les dieux.,1
Comment obtenir le num√©ro de build / version de votre application Android?,1
Il a alors fait part de notre intention d &apos; apporter une contribution au d√©sarmement nucl√©aire et √† la non‚Äîprolif√©ration dans le cadre des m√©canismes du Trait√©.,1
(iii) s'il se produit une modification importante de l'√©tat de la surface de la piste; (iv) apr√®s tout incident ou accident dans lequel les conditions hivernales pourraient avoir jou√© un r√¥le;,1
"En qu√™te de perfection, ses passionnantes r√©flexions th√©oriques sur la forme prolongent celles de Vincent d'Indy.",1
"Enfin, voyez si vous travaillez mieux avec ou sans musique, et pr√©parez-vous en fonction de ce choix.",1
il/elle se serait √©namour√©/√©namour√©e,0
10:3 On le fit appeler et il vint avec tout Isra√´l. Ils parl√®rent ainsi √† Roboam :,0
Mais est-ce le souhait de tous ?,0
"Walpole accepte de retirer son projet avant que le Parlement n'ait vot√©, mais il √©carte les politiciens qui ont os√© s'opposer √† lui.",1
"Toute difficult√© respiratoire chez un animal est inqui√©tante, il s‚Äôagit g√©n√©ralement d‚Äôun probl√®me cardiaque ou pulmonaire qui impose de consulter un v√©t√©rinaire dans un d√©lai n‚Äôexc√©dant pas une heure.",1
"Les mouvements c√©lestes r√©pondent donc √† des lois math√©matiques et d√©terminent des effets macroscopiques sur la Plan√®te comme les saisons ou les rythmes de la nature, mais √©galement des effets microscopiques comme tous les rythmes biologiques de ses diff√©rents r√®gnes et cr√©atures.",1
"L'inconv√©nient de Sanhok, c'est qu'il y a une course folle pour trouver un fusil d√®s le d√©but, et sortir d'un b√¢timent pour s'engouffrer dans un autre peut vous laisser sans d√©fense si vous n'avez pas eu de chance au d√©part.Mais si vous passez la purge initiale, c'est une carte parfaitement con√ßue qui ressemble √† une version condens√©e d'Erangel.",0
‚ô™ Je dois peut-√™tre te pr√©venir ‚ô™,0
Le bilan √©nerg√©tique,0
J'ai entendu dire que t'avais des...,0
Dans cette zone se trouvent les plus prestigieux vignobles de la Patagonie et bon nombre des bod√©gas dont les vins sont reconnus au niveau international.,1
"Dans us/o√π-est/Wayzata,minnesota vous trouverez plus d'informations sur Wayzata, MN, les distances des villes voisines et les grandes villes (en kilom√®tres et miles).",1
"Si tout va bien, il faut choisir cette option en ouvrant le fichier avec l'extension .JCSK pour la fois suivante.",1
M√™me r√©sultat sans prendre de risques.,0
"Les sympt√¥mes d‚Äôune infection par listeria monocytogenes sont semblables √† ceux d‚Äôautres maladies d‚Äôorigine alimentaire montrant des signes de fi√®vre et de diarrh√©e, mais ils peuvent varier selon la personne.",1
Vous trouverez plus d'informations √† ce sujet dans notre rubrique Au Pair.,1
Je ne suis pas si m√©chant que √ßa.,0
Cela en raison du fait que ces r√©sultats sont tir√©s des donn√©es issues des rapports semestriels d'ex√©cution que les responsables des op√©rations financ√©es par le programme INTERREG IIIC ont pr√©sent√©s √† la Commission europ√©enne.,1
"Ainsi, vous pourrez √† la fois √©liminer les exc√®s mais √©galement garder votre corps tonique.",1
Il passe le projet pour la construction d'un terminal pour le charbon dans le port de Gladstone,1
"J'ai d√ª travailler tr√®s dur, tr√®s, tr√®s dur avec eux.",0
61% discount_off 1 nuit√©e en couple ou en famille pr√®s des chutes du Niagara (jusqu'√† 82 % de rabais),0
- Quelle √©tait la question ?,0
"Ces proc√©d√©s, qui reposent sur un concept d‚Äô√©conomie circulaire, sont susceptibles de cr√©er un flux de valeurs ajout√©es par la valorisation des lixiviats dont les produits d√©riv√©s pourraient alimenter plusieurs secteurs de l‚Äô√©conomie ¬´ verte ¬ª qu√©b√©cois.",1
Ben Sherman T-shirts pour Hommes | A prix avantageux dans notre magasin outlet en ligne - dress-for-less,0
Nous remercions nos partenaires et commanditaires:,1
"Il en a fait assez pour ce soir, inspecteur.",1
"La surprise L'√©quipe a test√© cette hypoth√®se sur des souris m√¢les et femelles, jeunes ou √¢g√©es.",1
"Ce qui prolonge la derni√®re pouss√©e rapide vers la victoire, ce sont les n√©gociations de derni√®re minute entre les militaires qui veulent s‚Äôorienter vers la Lumi√®re et ceux qui d√©sirent continuer √† supporter la cause illicite de la cabale.",1
Ouvrez un compte gratuit maintenant!,0
Je gage que Smitty a 15 dollars sur lui.,0
Pourquoi tu cueilles toutes les p√™ches ?,0
- Il a beaucoup de choses √† donner...,0
"Ne contient pas de cire et, afin, permet aux futures couches de vernis.",1
D√Æner au restaurant de sp√©cialit√©s (√† partir de 3 nuits),0
Daniel Haroldsen J'ai re√ßu le colis il y a quelques jours.Merci beaucoup !,1
"Ben, tu peux fouiller toute la maison pour trouver cette veste, mais j'essaie de prot√©ger mon fils... s'il te plait n'appelle pas la police.",0
Ces tentatives constantes visant √† modifier le d√©calogue et adapter par des alt√©rations de la loi morale aux app√©tits d√©velopp√©s par la vie l√¢che et facile constituent le p√©ril remarquable √† notre prosp√©rit√© sans pr√©c√©dent ¬ª.,1
"La finale est relativement courte, l√©g√®rement aust√®re et citrique, avec quelques notes malt√©es, florales, un peu d'eucalyptus et d'ananas.",1
Vous avez habit√© ailleurs.,0
Serez-vous le premier humain √† gagner les faveurs d'un ogre ?,1
Il est √† noter que l'onde ultrasonore a souvent la forme d'une impulsion br√®ve comprenant plusieurs alternances.,1
"""¬ª comme chien et chat - What rhymes with """"comme chien et chat""""?""",0
"Vous pouvez aussi envisager de participer √† un programme d‚Äôentraide pour vous informer, apaiser vos inqui√©tudes et obtenir des r√©ponses √† vos questions et pr√©occupations.",1
Tresse [Instahair] Coiffures de f√™te : Misez sur les tresses pour briller,0
Non ! Il faut savoir parler √† Google dans sa langue sp√©cifique... ce que nos techniciens informatiques et d√©veloppeurs web ma√Ætrisent √† merveille.,1
- Tu d√©truis mon √©ducation.,0
"T'es o√π, Phillip ?",0
Oh ce jeu en ligne libre de Tetris est l'un des jeux instantan√©s les plus provoquant une d√©pendance jamais !,0
1 Gratuit Essayer vos futures lunettes de chez vous !,0
"Pour chaque nouveau membre que tu recrutes, tu re√ßois CHF 50.- en remerciement de ton engagement pour un mouvement syndical fort.",1
Nous pouvons r√©duire les co√ªts et optimiser les chances.,1
Et ces r√™ves romantiques dans nos t√™tes,0
Donc c'est pour la drogue ?,0
Les normes de service constituent un engagement public de fournir un niveau de service mesurable auquel les clients peuvent s'attendre dans des conditions normales.,1
"Ce que Hitler n‚Äôavait pas r√©ussi √† accomplir, c‚Äôest le moral bombing qui le fit.",1
Qui est-ce qui r√¢le le plus ?,0
"Si vous conduisez au travers des dunes, vous serez capables de vous trouver une plage d√©serte (c‚Äôest le cas de le dire üòâ !)",0
"En particulier, ce travail concerne le d√©veloppement d‚Äôune m√©thode de guidage et de positionnement d‚Äôun drone √† l‚Äôaide de capteurs lasers embarqu√©s pointant sur des √©crans plac√©s autour de la zone dans laquelle le drone doit d√©poser les blocs de ma√ßonnerie.",1
"Cela touche principalement les plus de 75 ans, de sorte qu'√† l'√¢ge de 85 ans, environ la moiti√© des Canadiens ont au moins une incapacit√© li√©e √† la vision, √† l'audition, √† l'√©tat cognitif, √† la mobilit√© ou √† la dext√©rit√© manuelle.",1
Tu as demand√© √† Wayne de mentir ?,1
Le contrat doit √™tre sign√© par toutes les parties impliqu√©es dans sa mise en ≈ìuvre.,1
"Ouais, je suis suspicieux, elle semble d√©licieuse.",1
"Les r√©cits d‚Äôexp√©rience sur l‚ÄôAide pour le commerce (OCDE/OMC, 2013) brossent aussi un tableau encourageant, en mettant en avant de multiples projets et programmes en lien avec le commerce qui, gr√¢ce au soutien des donateurs, produisent de nombreux impacts tangibles en termes de r√©sultats commerciaux, d‚Äôinvestissement priv√© et de cr√©ation d‚Äôemploi dans un grand nombre de pays en d√©veloppement.",1
"Par example, on peut employer le rodage pour amincir la plaque de quelques centaines de Œºm.",1
Mais j‚Äôaimerais bien savoir ce qui se passe.,0
Vous pouvez demander un devis √É Mustafa (le propri√©taire) gr√¢ce au formulaire de contact.,1
- Pas de t√©moin ?,0
"Toutefois, la situation, telle qu'elle para√Æt se pr√©senter, peut nous laisser perplexe.",1
"Proc√©d√© selon l ºune quelconque des revendications 9 √† 11, comprenant en outre la sortie d ºun √©v√©nement sp√©cifi√© lorsqu ºune demande d ºutilisation de ne pas h√©riter de l ºautorisation de partage ou d ºune autorisation de partage limit√©e est survenue.",1
Vous √™tes-vous √©gar√© en vous rendant √† la gare?,0
Ils sont trop nombreux !,0
- Ne soyez pas trop regardant.,0
Il avait fait demi-tour.,0
"Si les codes le permettent et si on utilise un conducteur distinct de liaison √† la terre, il est recommand√© qu‚Äôun √©lectricien qualifi√© v√©rifie la qualit√© de la liaison √† la terre.",1
Rassemble tes sentiments.,1
Les Am√©ricains?,0
Aidez le petit homme trouver le bambin de nouvel an....,0
Ces peines visaient principalement √† d√©courager la d√©sertion durant une p√©riode o√π il y avait un manque important de main-d'≈ìuvre.,1
Prot√©ger la sant√© des athl√®tes et pr√©venir les maladies et les blessures dans le sport font partie des priorit√©s absolues que se sont fix√©es le CIO et sa commission m√©dicale et scientifique.,1
Mais il en signe aussi la traduction.,0
Cat√©gorie Filles blondes baise Vid√©os de sexe √©rotiques Vid√©os porno premi√®re personne Les filles qui font des fellations filles aux gros seins baise Karmen Karma Keiran Lee Femmes m√ªres baise Les meilleures vid√©os de parodie porno Marque Filles font du sexe chaud Filles avec de beaux seins baise Nymphomane Aventures sexuelles dans la vie quotidienne Chatte ras√©e Canap√© tatouages Les femmes aux gros seins op√©r√©s,0
Monica : C‚Äôest vrai ?,0
Bah ouai en plus spa cher,0
Rocco Forte's Verdura Resort 4 nuits avec petit d√©jeuner et golf √† partir d' ‚Ç¨ 579 √† la basse saison,0
"Fantastique appartement, il est pr√®s de la ville de la nourriture et un centre de arpico, et les √©quipements sont tous pr√™ts, je vais recommander √† mes amis si elles viennent √† l'exp√©rience Colombo.Nice Victor2015-09-14T00:00:00Z",0
"C'est dans ce contexte que les ministres ont lanc√© le projet de recherche de Kobe, qui vise √† faciliter les actions de recherche et les √©tudes men√©es dans le cadre de la coop√©ration interr√©gionale sur des th√®mes d'int√©r√™t mutuel, tels que la coop√©ration mon√©taire r√©gionale, les r√©gimes de taux de change dans le cadre de la coop√©ration Asie‚ÄêEurope, etc.",1
"Du fait de l'intensification des n√©gociations d√©but mars, Jubil√© Sud/Am√©rique a paru un communiqu√© de presse renouvelant sa solidarit√© avec ce mouvement de protestation en mettant en valeur que le FMI pousse le gouvernement √† adopter des r√©formes afin de pouvoir rembourser la dette publique externe et interne, dette dont le caract√®re ill√©gitime n'est plus √† d√©montrer.",1
Ce coq Chantecler croyait que son chant faisait lever le soleil.,1
"Pour la mont√©e des rapports, le passage du premier au deuxi√®me mode se fait par le seul actionnement de l'embrayage 18, qui annule le glissement du convertisseur, et ram√®ne le moteur √† la moiti√© de sa vitesse maximale.",1
5: Maitencillo donne des meilleures vagues avec un peu de vent de mer).,0
Triple bain chambre triple avec douche,0
Que voir √† Mount Ephraim et ses environs,0
"Votre Comit√©, qui a √©t√© autoris√© par le S√©nat √† engager des d√©penses aux fins d'examiner les mesures l√©gislatives et autres questions qui lui ont √©t√© d√©f√©r√©es, d√©pose, conform√©ment √† l'article 104 du R√®glement, le relev√© suivant des d√©penses encourues √† cette fin par le comit√© au cours de la deuxi√®me session de la trente-cinqui√®me l√©gislature : Relatif √† son √©tude des mesures l√©gislatives et l'√©tude sp√©ciale sur le traitement r√©serv√© aux anciens combattants autochtones :",1
"50CH DVR, enregistrant 30 jours, avec des cam√©ras 1.0MP 720p, espace de stockage sera:",0
Votre s√©jour √† Hopetoun,0
"Dans l'affaireR 14/10, la Grande Chambre de recours a consid√©r√© que la CBE n'impose pas d'examiner une demande de brevet europ√©en ou un brevet europ√©en dans son int√©gralit√©, c'est-√†-dire de proc√©der √† un examen portant sur toutes les revendications en instance, si une revendication jug√©e non admissible est maintenue et qu'aucune requ√™te subsidiaire concernant un jeu de revendications d√©pourvu de cette revendication non admissible n'est soumis.",1
Et pas un truc merdique.,0
"Le g√©n√©rateur no 1, le r√©gulateur de carburant et la pompe √† carburant entra√Æn√©e par le moteur ont alors √©t√© remplac√©s.",1
- Il a l√¢ch√© son boulot et il a pas pris sa paie...,0
"De performance √©gale, les deux broches de tournage peuvent √™tre utilis√©es pour une coupe simultan√©e de deux pi√®ces √† la fois.",1
"1 Gratuit Jouer, le calendrier ou al√©atoire notifications pour conduire vos amis fous!",0
Ou il vous emportera !,0
"Caisse de 5 rames (2 500 feuilles).Disponible Livraison en 1 ou 2 jours Votre prix 19,50 $",0
Elle est simple et nous suffit.,1
"C'est parti pour trois heures de spectacle (entrecoup√©es de pauses, de remises des prix...), avec des chansons, des sayn√®tes, des tours de magie, de la danse, des concours...",0
"Quoi qu‚Äôil en soit, √† la lumi√®re des dispositions de la LRTFP et des arguments non contest√©s sur la communaut√© d‚Äôint√©r√™ts, je suis convaincu que l‚Äôunit√© propos√©e est habile √† n√©gocier collectivement.",1
Et elle est en train de donner naissance... et ne deviendra pas une m√®re.,0
"Non, non, laisse-le... laisse-le finir.",0
Outil pour corriger le son des fichiers MP4 mais pas de probl√®me vid√©o:,0
"Le concert de l'Orchestre Philharmonique de Wroc≈Çaw s'inscrit dans le cadre du festival Soldaat _BAR_ Lamentatie, un projet musical de DeBijloke mis au point dans le but de comm√©morer le centenaire du d√©but de la Premi√®re Guerre mondiale.",1
"On peut te prot√©ger, te trouver un endroit o√π vivre, te trouver une orientation.",1
"Il s'agit d'analyser l'√ânonc√© des exigences pour √©tablir une description initiale des objectifs du projet et des enjeux connexes, en donnant suffisamment de pr√©cisions pour permettre une √©valuation pr√©liminaire de la fa√ßon d'aborder le projet par rapport aux objectifs de SPAC (c.-√†-d. sa n√©cessit√©, sa priorit√© et le niveau de ressources appropri√©es pour passer √† la phase suivante).",1
Les √©preuves de patinage de vitesse se disputent sur l'anneau olympique de Richmond.,1
Et √ßa me pla√Æt.,0
Puis la pauvre Cheryl. Et Martin.,0
- Vous ne l'avez pas revue depuis ?,0
Je lui ai dit qu'il devait faire une croix sur toi.,1
"Aux premi√®res heures de la journ√©e de samedi, la pl√©ni√®re de cl√¥ture s‚Äôest vue pr√©sent√©e avec une d√©cision de compromis r√©sultant des consultations men√©es au niveau minist√©riel.",1
L‚ÄôEspagne a re√ßu une demande de coop√©ration judiciaire internationale de l‚ÄôItalie apr√®s que le pays eut men√© plusieurs enqu√™tes confirmant la falsification de produits p√©troliers d‚ÄôAndalousie.,1
"En r√©alit√©, c &apos; est exactement le contraire; la Chine n &apos; a demand√© √† personne de soumettre le projet de r√©solution.",1
Tu es assez stupide pour le laisser sortir par la porte?,0
"Qui c'est, Toby ?",0
Et Il est toujours le Tendre Seigneur J√©sus.,0
"Annabeth, vous n'allez quand m√™me pas laisser un jury d√©cider, si ?",0
Hotels.com dispose actuellement de 7 h√¥tels √† Hull disponibles √† partir de 38 ‚Ç¨/nuit seulement !,0
"Ils avaient le pressentiment que cette f√™te serait la derni√®re de la vie de leur Rav, Rabbi Isra√´l.",1
"De par sa forme, un √©clairage z√©nithal est recherch√©, il est orient√© au Nord et permet d‚Äôoptimiser le confort d‚Äô√©clairement mais aussi d‚Äôassurer une meilleure gestion thermique du b√¢timent.",1
"N√©anmoins, celui-ci n‚Äôest pas au point. C‚Äôest la raison pour laquelle la Commission a propos√©, en avril 2005, un ensemble de mesures visant √† renforcer les capacit√©s de r√©action de l‚ÄôUnion europ√©enne en mati√®re de protection civile.",1
"En cas de d√©c√®s, c‚Äôest le solde assur√© de votre pr√™t qui est pay√©.",1
"‚Äì Ne manquez pas les sorties nature de Lulu, Guide nature de la station.",0
Soutenir le d√©veloppement de l‚Äôenfant gr√¢ce √† la collaboration et l‚Äôinteraction num√©riques avec leurs parents.,1
"Sans pr√©judice de la possibilit√©, pr√©vue par la l√©gislation communautaire, de d√©l√©guer certaines comp√©tences et responsabilit√©s prudentielles, la pr√©sence d'un coordinateur charg√© de t√¢ches sp√©cifiques √† la surveillance compl√©mentaire des entreprises r√©glement√©es appartenant √† un conglom√©rat financier ne modifie en rien la mission et les responsabilit√©s incombant aux autorit√©s investies d'une comp√©tence par les r√®gles sectorielles.",1
Votre dossier est pr√©sent√© au Comit√© de cr√©dit de la SOFINEX qui se r√©unit tous les mois.,1
Ce sont donc des h√©licopt√®res √† quatre rotors,0
"Nous avons donc ing√©nieusement con√ßu notre lobby pour que vous y sentiez non pas comme dans un lobby, mais comme dans un salon confortable, accueillant et chaleureux.",0
"Outre les donn√©es fournies par les corps policiers, nous examinerons √©galement des donn√©es des cours criminelles provinciales recueillies par l‚ÄôEnqu√™te sur les tribunaux de juridiction criminelle pour adultes.",1
Des n√©gociations qui ont d'ores et d√©j√† commenc√© entre les diff√©rentes formations politiques sortira le nom du futur chef du gouvernement islandais.,1
"Je pense... je pense que peut-√™tre on ne nous a donn√© que √ßa, des indices.",0
"Jake a ignor√© son p√®re, tout le temps qu'on √©tait l√†.",0
"Dans un deuxi√®me temps, seront clarifi√©s les √©l√©ments de la d√©cision de 2001 qui ont √©t√© respect√©s.",1
"Puis, en 1965, la soci√©t√© Fisher Pen a d√©pos√© le brevet d'un stylo dont la cartouche √©tait pressuris√©e avec du nitrog√®ne.",1
Il adopta le nom de son p√®re.,1
"Consignes √† bagages Gare du Midi : 7 jours/7, √† partir de 1 ‚Ç¨/heure",0
Hotel Scandic Kajanus est id√©al pour les familles avec de jeunes enfants.,1
Les terroristes djihadistes ne sont que des voyous avec des r√™ves de voyous.,0
"Il lance vers le fond du terrain, o√π un receveur s'est d√©marqu√©.",0
"√Ä ce propos, des solutions et des adaptations cibl√©es sur diff√©rents niveaux ont √©t√© √©tudi√©es pour satisfaire chaque exigence sp√©cifique, avec des interventions programm√©es, pour la maintenance ordinaire et extraordinaire des machines et des installations.",1
10 id√©es pour c√©l√©brer la Journ√©e mondiale de la radio 2019 !,0
"Nel p√©riode janvier-Juillet de cet an le port a mouvement√© dans l'ensemble 314.6 millions de tonnes, avec une croissance du 0,6% par rapport √† 312.9 millions de tonnes dans le correspondant p√©riode du 2011.",1
"Dans cette petite et accueillante station alpine situ√©e en plein c≈ìur du Parc National du Grand Paradis, l‚Äôair diffuse un parfum authentique de montagne, une montagne vivant au rythme de la nature.",1
"Il incombe √† chaque partie de produire ses t√©moins √† l'audience (√† l'aide d'une assignation si n√©cessaire), de pr√©senter tous les documents sur lesquels elle compte s'appuyer et de pr√©senter sa cause.",1
Noix fra√Æches chinoises,0
Y a des gens qui voient les tentes et qui continuent leur chemin.,0
"Vous trouverez ci-dessous la liste des num√©ros d‚Äôidentification de CPA pour les candidats ayant r√©ussi √† l‚ÄôExamen final commun (EFC) des CPA lors la session du 12 au 14 septembre 2018, et ont accept√© de faire publier leurs noms.",1
Qui peut tuer qui!,0
La fourniture pour les cabines de douche3,0
C√©l√©bration de la valeur de chaque personne ‚Äì Nous connaissons et appr√©cions chaque personne ; nous nous √©coutons les uns les autres et d√©veloppons et partageons nos talents et nos dons.,1
Mais je suis s√ªr qu'il va r√©essayer.,0
"Plus de 1000 id√©es √† propos de Dynamic Running Therapy sur Pinterest | Courir, Th√©rapie et Continuer",0
"1. Les pays dont la part indicative de r√©duction des √©missions b√©n√©ficiant d‚Äôun soutien international est inf√©rieure √† 0,1% ne sont pas inclus dans cette liste.",1
D√©crivez en quoi votre annonce est unique... Photos,0
"En plus, la Th√©orie de la Relativit√© est incompatible",1
Et avec succ√®s !,0
"En effet, vous offrez ainsi sans rel√¢che au Successeur de Pierre vos conseils √©clair√©s fond√©s sur votre exp√©rience pastorale de la situation de l'Eglise et de la soci√©t√© civile sur le continent africain.",1
Et qui rev√™ts son cou d'une crini√®re flottante? Job 39:20 Le fais-tu bondir comme la sauterelle?,1
"DODO : Mais Steven, on a perdu.",0
Statistiques de vols pour Ballycorkey - Le saviez-vous ?,0
"Aujourd'hui, la r√©alit√© est autre.",0
Je veux en savoir plus,0
"D√®s que vous y pensez, √ßa commence avec une d√©mangeaison.",0
Ne fais pas √ßa.,0
"Dans le sud des √âtats-Unis, le R√¢le jaune adulte est souvent attir√© vers les rizi√®res √† proximit√© de l‚Äôhabitat apparemment convenable; toutefois, l‚Äôesp√®ce peut conna√Ætre un taux de mortalit√© √©lev√© dans ces champs en raison des activit√©s de r√©colte.",1
"Dans une d√©claration sign√©e par 13 institutions, organisations et personnalit√©s de la Soci√©t√© Civile, les signataires se montrent pr√©occup√©s par la situation politique actuelle, qui place le pays selon eux ¬´ totalement en dehors de l‚Äôordre r√©publicain...",1
Ouvert toute l ÃÅann√©e @Sehr bel endroit juste sur la Regnitz.. Bonne connexion avec Bamber arr√™t de bus juste sur le site. @ Ca.. √† Bamberg 5 KM - accessible en v√©lo tr√®s rapidement..,0
1) num√©ro de suivi pour d√©pister votre paquet en ligne.,0
"Vous le lui dites, et vous partez.",0
Les la plupart de ils exigent d'un certain capital de commencer.Pas programmes de filiale !,0
"Les aspects du probl√®me des OVNIS et les objectifs scientifiques les concernant sont, √† mon avis, ceux-ci:",1
"Meilleures fonctionnalit√©s, pour moins",0
Des milliers d'os furent d√©terr√©s ... Ils les sortaient et les jetaient quelque part dans les montagnes.,0
"Dans le menu √† droite, vous trouverez les boutons avec lesquels vous pouvez ajouter un nouveau manuel au dispositif Philips SAC3540W, signaler un probl√®me avec le manuel (par ex.",1
"Le deuxi√®me propri√©taire, (√† partir de 2005 √† aujourd'hui) a restaur√© toute la carrosserie de la voiture en bon √©tat.",1
"Mais les deux marchandises dont la qualit√© √©gale, l'essence identique, est ainsi affirm√©e, n'y jouent pas le m√™me r√¥le.",1
Notre objectif consiste √† vous assurer le plus rapide acc√®s au contenu de l'instruction d'utilisation du dispositif Kodak EASYSHARE CD93.,1
"Tentez votre chance aux tables de jeu de Las Vegas, Nevada.",1
Nous n'avions pas de quoi le retenir.,0
"Cela va beaucoup plus vite que nous nous attendions . Google sera pr√™t √† lib√©rer la version Chrome premier Android avec le lancement de Sandwich √† la cr√®me glac√©e semaine prochaine, nous dit-on .",1
N'ayez pas peur de demander de l'aide?Jour 24 :,0
Tu veux rencontrer notre √©quipe ?,0
Ce qui est le nom de domaine B√©nin ?,1
"En 2008, Walker a am√©lior√© encore plus son mod√®le de silencieux Quiet-Flow gr√¢ce √† la puissance de l‚Äôacier inoxydable.",1
Meule √† grain,0
¬´ Dakhbit ¬ª est consid√©r√© comme un toponyme tadjik dans une r√©gion habit√©e par des populations ouzbek et tadjik.,1
"Il pourrait s‚Äôenfuir s‚Äôil le voulait: le vieillard accabl√© de douleur, √©puis√© par la lutte int√©rieure de ces trois journ√©es terribles, ne pourrait s‚Äôopposer au vigoureux jeune homme.",1
"Sur cette assurance de son pr√©sident, le Comit√© se s√©para, apr√®s avoir remis au lendemain soir sa troisi√®me s√©ance.",1
Le mois le plus chaud de l'ann√©e est celui de Juillet avec une temp√©rature moyenne de 33.5 ¬∞C. 19.6 ¬∞C font du mois de Janvier le plus froid de l'ann√©e. Tableau climatique Sweihan,1
Gu√©rir... seulement avec l'√©coute - voici la musique de Sat Hari Singh et Hari Bhajan Kaur sur leur troisi√®me album.,0
"Un meilleur avenir pour ses enfants, pour lui-m√™me.",0
"Ne ne pas avoir √† t√©l√©charger une application √† partir de la place du march√© ou un APK, vous pouvez jouer directe, rapide, gratuit et s√ªr :-) Amusez-vous avec Turbo Truck!",0
"J‚Äôy porte plus avant les topiques structurelles de mon questionnement, celles des √©quivalences, des ressemblances, et de l‚Äôimpuissance du langage √† d√©crire le monde. La prose du monde (fecondation)",1
Vous √™tes un gangster vous aussi tout comme Zoran Brasha.,1
"- David Lynch, cin√©aste et pr√©sident de la Fondation David Lynch pour la paix mondiale et une √©ducation fond√©e sur la conscience.",1
Vous partez en vacances pour Tabasco ?,0
Shawn. Il faut que je te dise quelque chose avant que tu sortes !,0
"cette Hermes Birkin 35cm d'autruche Veines Sacs √† main 6089 argent noir est livr√© avec: Hermes serrure, cl√©s, clochette, traverses, livret de soins, protection contre la pluie, les √©tiquettes et copie du re√ßu original d'une boutique officielle Herm√®s.",0
LE TIRE-LAINE (faisant avec ses doigts le geste de subtiliser):,0
C'est terrible. Je suis d√©sol√©e.,0
"La mesure a √©t√© mise en ≈ìuvre en mars 2014.5.2.12 La mission a examin√© les dossiers du personnel et des postes pour s'assurer qu'ils sont complets, bien tenus et conserv√©s de fa√ßon ad√©quate.",1
"""""""Vouloir combattre la religion au nom de l‚Äôobjectivit√©, de la science, de la raison, est une entreprise vou√©e √† l‚Äô√©chec. On ne peut pas plus supprimer le sentiment religieux qu‚Äôon ne peut supprimer les autres sentiments.""",1
"Encadrement : √âcole de voile, √©cole de tennis, √©cole d'√©quitation Attraits et d√©tente : Bar/pub, discoth√®que, restaurant, cin√©ma, cin√©ma d'√©t√©, karaok√©, parc et jardin, parc de loisirs, r√©serve naturelle, centre d'exposition, galerie d'art, site historique, mus√©e, th√©√¢tre, th√©√¢tre d'√©t√©, festival, antiquit√© & brocante, boutique d'artisanat, cave et d√©gustation de vin, bains naturels, thermes, centre de remise en forme, centre de beaut√©, centre de fitness",0
Bienvenue √† notre nouveau lieu!,0
Je ne porterai pas un pull au g√¢teau!,0
- Je n'ai pas demande.,0
Les travaux sur les mouvements de l'ARN ont d√©j√† √©t√© expos√©s dans la revue Nature.,1
"L‚Äôavis de conformit√© est une √©tiquette appos√©e sur une embarcation pour indiquer qu‚Äôelle r√©pond aux Normes de construction des petits bateaux. Elle peut comprendre des renseignements importants sur la construction, par exemple la capacit√© maximale de l‚Äôembarcation.",1
Pr√©visions m√©t√©o pour Stanhope cette semaine,0
Beaucoup de sourires.,0
"Et si son corps le produisait, par la peau ou dans des glandes ?",0
Classez les critiques par pays,0
Les pri√®res montrent le profond amour et l'ardent d√©sir pour Dieu. Chaque stance de la pri√®re est en elle-m√™me compl√®te et enti√®re.,1
"Et bien, vous avez choisi un tr√®s mauvais moment",1
Duna Beach: Vous pouvez organiser une r√©ception informelle et d√©contract√©e pouvant accueillir jusqu'√† 150 invit√©s sur la plage. Cette zone √† c√¥t√© de la piscine peut √™tre r√©serv√©e √† titre exclusif apr√®s 18h30 (sauf entre le 15 juillet et le 31 ao√ªt).,1
-Tu es pr√™t ?,0
Titre: Le processus d'int√©gration est-il arriv√© au terminus?,0
"Asperges landaises, Poulet basquaise, b≈ìuf de Chalosse, Axoa de veau, magret, confit ou foie gras de canard.... Venez gouter ! Sans compter les desserts comme les tourti√®res landaises, les g√¢teaux basques ou les kiwis de l‚ÄôAdour",0
C'est ce que j'ai dit au t√©l√©phone.,0
- C'est cela oui.,0
La lettre contenait aussi une proposition tendant √† √©tudier les moyens d'am√©liorer le m√©canisme de coop√©ration et de consultation en vue de restaurer le r√©gime de contr√¥le renforc√©.,1
Nous sommes venus ici pour une raison.,0
"Voir, le cul de cette fa√ßon tout le monde √©tait couvert.",0
Il vous a fait des propositions?,0
"59:19 Et, du couchant, ils craindront le nom de l'√âternel, et du lever du soleil, sa gloire. Quand l'ennemi viendra comme un fleuve, l'Esprit de l'√âternel l√®vera un √©tendard contre lui.",1
Une maladie?,0
- Je ne te pr√™te plus d'argent.,0
"Encouragez les enfants et les adolescents √† assister √† des r√©unions de groupes d'entraide, et assurez-vous qu'ils soient inclus dans les sessions de conseils.",1
- La psy est venue voir ce gar√ßon ?,0
"Oui, car je te croyais assez intelligent pour attendre que je t'en donne l'ordre.",0
Que le tournoi commence!,0
Ce rapport vous est respectueusement soumis par les membres du Conseil d‚Äôadministration et du personnel de l‚ÄôOCVF :,1
Tu ne fais pas de moi un accident de train.,0
- de m√®res c√©l√®bres qui travaillent.,0
Les moyens les plus prometteurs d'aider les soci√©t√©s √† prosp√©rer sont souvent ignor√©s.,1
"Et je garderai un prix avec moi, jusqu'√† ce que tu partes",0
La section B de l'annexe 703.2 porte sur les √©changes commerciaux entre le Canada et le Mexique.,1
C'√©tait pas vous.,0
"""Question classique ! Il y a de fortes chances pour que vous n'ayez s√©lectionn√© qu'une seule cat√©gorie √† l'affichage et que vous ne vous en souvenez plus ! Rien n'est perdu : tous les √©v√©nements """"cach√©s"""" font partie de cat√©gories qui ne sont pas affich√©es. S√©lectionnez Cat√©gorie dans le menu """"OPTIONS"""" puis cliquez sur """"TOUTES"""" dans le menu d√©roulant. Tous vos rendez-vous vont maintenant r√©appara√Ætre comme par enchantement !""",1
"D'une texture plus douce, Paviplay Classic offre une protection optimale pour les tout-petits et les jeunes enfants contre les chutes et les bosses.",1
Le poker est dur,0
Des journ√©es au parc ?,0
"WIPO GREEN est une base de donn√©es et un r√©seau en ligne permettant de rassembler un grand nombre d‚Äôacteurs de la cha√Æne de valorisation des innovations dans le domaine des technologies vertes et de mettre les d√©tenteurs de nouvelles technologies en relation avec des entreprises ou des particuliers d√©sireux de commercialiser, conc√©der sous licence ou distribuer des technologies vertes, ou encore d‚Äôavoir acc√®s √† ces derni√®res.",1
Qui diable est Julie ?,0
M√™me ton propre pays te veux mort !,0
"Cette coop√©ration a donn√© lieu √† l'√©laboration d'une strat√©gie de services aux a√Æn√©s qui s'inscrit dans le cadre de la Vision du service pour les Canadiens, et qui aidera le Minist√®re √† am√©liorer les services aux a√Æn√©s √† l'√©chelle du gouvernement.",1
"Le rev√™tement en vinyle risque de fondre en cas de contact avec des casseroles, des po√™les ou des ustensiles tr√®s chauds",1
Noah √©tait venu sur l'√Æle faire des recherches pour son livre.,0
"(e) Le payeur a la possibilit√© de demander √† son prestataire de services de paiement de bloquer n'importe quel pr√©l√®vement sur son compte ou de bloquer n'importe quel pr√©l√®vement demand√© par un ou plusieurs b√©n√©ficiaires sp√©cifi√©s, ou de n'autoriser que les pr√©l√®vements demand√©s par un ou plusieurs b√©n√©ficiaires sp√©cifi√©s.",1
Enferm√© 23 heures par jour.,0
Souscrire aux flux RSS de la liste des commentaires,0
L‚Äôinterrogatoire et l‚Äôexamen clinique ont ici une importance majeure pour arriver au diagnostic.,1
"""""""Passe moi la salade"""" ?""",0
"Entre parenth√®ses, il a d√©j√† √©t√© longuement soign√© en Hongrie dans le pass√©.",1
Je suis pr√™t a aller en enfer,0
Conditions L‚Äôacc√®s est possible 2 heures avant le d√©part programm√©. - Les enfants de moins de 2 ans sont admis gratuitement.,0
- Je comprends.,0
"Moi, eux, vous, moi.",0
Arrepentida Artistes Isabel Pantoja Palos Copla Qui a achet√© ces produits a aussi achet√© Musique flamenco.,1
"Selon la th√©orie chinoise, le Yin est la force passive de l'univers, et le Yang, l'active.",1
"- pr√©senter un amendement oral √† l'amendement 130 qui n'a pas √©t√© retenu, plus de 40 d√©put√©s s'√©tant oppos√©s √† sa prise en consid√©ration;",1
"Les bateaux sont diff√©rents, le record est plus dur √† prendre aussi.",0
"Tiout regroupe 2 communaut√©s : les amazighs √† l‚Äôint√©rieur du ksar, et les arabes aux alentours du ksar.",1
Encore une autre ann√©e du retentissement pour LUI,0
"Mentions l√©gales Limitations territoriales Le site, toutes ses pages et le mat√©riel qu'ils contiennent ne s'adressent pas aux personnes appartenant √† des juridictions dans lesquelles ‚Äì en raison de la nationalit√©, de la personne, de sa r√©sidence ou pour d'autres raisons ‚Äì leur acc√®s, leur consultation, disponibilit√© ou consultation ou publication sont limit√©es ou interdites.",1
√âv√©nements Concerts et Spectacles,0
Elle a chang√©. Elle est devenue possessive.,0
Je joue des shakers.,1
Et vous recevrez le Saint-Esprit.,0
Je mange plus de gluten !,0
"Dans la figure 11, un organigramme du sous-programme de traitement d ºinterruption lorsqu ºun court-circuit est d√©tect√© est repr√©sent√© √©galement.",1
"Montr√©al 22 f√©vrier 2018 ‚Äì C‚Äôest avec beaucoup d‚Äôenthousiasme que la nouvelle plateforme √©v√©nementielle TRIBUTE, d√©di√©e exclusivement √† faire rayonner les spiritueux et autres produits artisanaux d‚Äôici, souhaite annoncer son association avec la Soci√©t√© des Arts Technologiques (SAT) dans le cadre de La Nuit Blanche √† Montr√©al!",1
"En remplissant le module de contact avec leurs donn√©es, l‚Äôutilisateur accepte leur utilisation pour r√©pondre aux demandes d‚Äôinformations, de devis ou de tout autre type indiqu√© par l‚Äôen-t√™te du module. Donn√©es personnelles collect√©es: email.",1
R√©sum√© : L‚Äôobjectif principal de cette th√®se est de tirer de donn√©es LiDAR de t√©l√©d√©tection √† tr√®s haute r√©solution afin d‚Äôextraire une partie du traces tectono-g√©omorphiques imprim√©es dans la morphologie de grands tremblements de terre pr√©historiques.,1
"Vous acceptez de ne pas publier de contenu abusif, obsc√®ne, vulgaire, diffamatoire, choquant, mena√ßant, √† caract√®re sexuel ou tout autre contenu qui peut transgresser les lois de votre pays, du pays o√π ¬´ forum du Poule Soie Club de France ¬ª est h√©berg√© ou les lois internationales.",1
Vous s√©journerez √† 500 m√®tres d'une rue pi√©tonne avec des bars et des restaurants ainsi qu'√† 300 m√®tres du centre commercial Mammut.,1
Le p√©riph√©rique n'est pas d√©tect√©,1
"Mat√©riau en coton doux, gardez votre chiot plus mignon",0
Questions et r√©ponses Obtenez des r√©ponses rapides du personnel et des anciens clients de Bay View Guest House.,1
"Bien que plusieurs trouvent beaucoup moins compliqu√© de commander simplement un take-away, si vous voulez que votre corps √† r√©pondre favorablement √† la m√©dication consommer droite est la premi√®re chose que vous avez √† faire.",1
"N√©anmoins, il serait difficile d'expliquer pourquoi un √âtat ayant object√© √† une r√©serve √† l'√©gard de l'√âtat pr√©d√©cesseur devrait r√©it√©rer son objection lorsque cette m√™me r√©serve est reprise par l'√âtat successeur.",1
- Tu ne portes pas les affaires de l'h√¥pital.,0
"Ce que j‚Äôai instaur√© doit se poursuivre, c‚Äôest-√†-dire le secr√©tariat travaillant de mani√®re consultative avec la pr√©sidence, de mani√®re collective et responsable.",1
"Je discutais au sujet de de la litt√©rature avec Tatiana Poppel, une amie russe qui habitait l√†, et je lui parlais de mon roman pr√©f√©r√©, Cien a√±os de soledad, √©crit par Gabriel Garcia Marquez.",1
Consultez le prix de notre parking couvert.,1
"On est proches, tr√®s proches.",0
"Ce que les adultes expriment √† travers leur propre style vestimentaire ou une habitude particuli√®re, les enfants le font de mani√®re tr√®s informelle √† travers le jeu.",1
"N‚Äôh√©sitez pas √† oser les superpositions : ouverte comme un long manteau l√©ger, sur un jean Straight ou un pantalon plus habill√© mais toujours confortable Lila, combin√© avec un tee-shirt d√©bardeur Petra dessous, et le tour est jou√© !",1
"GEN√àVE (ots) - S'ils veulent gagner, les sportifs d'√©lite et les amateurs doivent faire de leur sant√© bucco-dentaire une priorit√© absolue.",1
"Gestion, photos et image effets ont √©t√© tous tr√®s novateur et aussi brillant.",1
Voulez-vous des conseils d√©taill√©s?,0
"‚Äî Oui, je vous le jure!",0
"43. rappelle que la libert√© d'expression et le pluralisme des m√©dias, y compris sur l'internet, constituent des valeurs europ√©ennes fondamentales; insiste sur l'importance fondamentale de la libert√© de la presse et des m√©dias ainsi que des libert√©s num√©riques dans le contexte de la politique d'√©largissement de l'Union, puisque ces libert√©s rel√®vent des droits de l'homme et sont par cons√©quent consid√©r√©es comme partie int√©grante des crit√®res politiques de Copenhague;",1
Cette derni√®re doit agir en conformit√© avec la loi et ne peut traiter que des cas relevant du droit civil.,1
"Parce que tu n'as personne disant que tu √©tais pr√©sident de l'union d'Oxford alors que c'√©tait l'union de Cambridge, le plus grand club de d√©bats dans l'histoire du Royaume-Uni.",0
Ce n'est pas du sang.,0
"Moins d'une semaine, huh?",0
"Lors de notre √©tude de 1994, ce bureau offrait un service satisfaisant en fran√ßais.",1
"Pour cela il faut que notre production soit recyclable d√®s le d√©part, ou sinon d'empreinte √©cologique suffisamment faible pour √™tre accept√©e par les √©cosyst√®mes.",1
On a une description du van.,0
"Concours, concours et promotions . Si vous choisissez de participer √† l'un de nos concours ou √† d'autres promotions, nous pouvons divulguer vos informations √† des tiers ou au public dans le cadre de l'administration de cette promotion, comme requis par la loi, conform√©ment au r√®glement officiel de la promotion ou de toute autre mani√®re. conform√©ment aux termes de la pr√©sente politique de confidentialit√©.",1
Voici une s√©lection des meilleures offres de derni√®re minute pour les vols √† destination de Tunis...,0
"Bonjour Les Gars, Vous pouvez vous confronter √† votre...",0
"Introduction et des conseils sur la fa√ßon d'utiliser le manuel Xantrex Technology RS2000 - Au d√©but de chaque manuel, nous devrions trouver des indices sur la fa√ßon d'utiliser le document.",1
"Il va avoir besoin de bien plus que √ßa, pour passer √† travers.",0
Dominance War ne sera pas responsable en cas de participation manquante ou en retard pour quelque raison que ce soit. Il est de la responsabilit√© unique des participants de tenir compte des temps de mise en ligne et de s'organiser en cons√©quence.,1
Un an et presque trois mois.,0
"Il ne prend pas la r√©alit√© telle qu‚Äôelle. Il la reconstruit, dans un processus o√π tout interf√®re, y compris ses param√®tres personnels : ses besoins, ses d√©sirs du moment, mais aussi son histoire, ses exp√©riences, ses valeurs, ses croyances.",1
"Une fois le tiroir-caisse ouvert, placez l'argent comptant ou le bon d'achat dans le tiroir et prenez la somme n√©cessaire pour rendre la monnaie.",1
Tout d'abord - le fichier QDA peut √™tre li√© (associ√©) d'une mani√®re incorrecte √† une application install√©e pour son service.,1
Tu vas bien ?,0
"Et pour tout vous dire, je partage son avis.",0
"12 Nous invitons ces gens-l√†, et nous les exhortons par le Seigneur J√©sus Christ, √† manger leur propre pain, en travaillant paisiblement.",1
C ÃÅest tr√®s urgent mais vous pouvez encore apporter votre aide.,1
"Donc, c'est une grande science.",0
Le s√©nateur Graham et moi savons pourquoi leur offre a √©t√© rejet√©e.,0
Le film suivant de Kubrick allait s'av√©rer encore plus controvers√©.,1
"Le Comit√© a d√©cid√© d'inscrire le Complexe de conservation du Pantanal sur la Liste du patrimoine mondial sur la base des crit√®res (ii), (iii) et (iv).",1
CA 6636/N est disponible dans 7 styles diff√©rents,1
"L'observation contextuelle consiste √† observer les comportements des utilisateurs directement sur leurs lieux d'activit√© ‚Äì au travail, dans leur salon, dans une boutique ‚Äì ou dans une situation de mobilit√© ‚Äì transports en commun, dans la rue.",1
"Si tu n'es pas content, prends ta part et d√©campe.",0
- T'as trouv√© des m√©docs contre l'asthme ?,0
Voici un coup d‚Äôoeil au classement.,0
"Nous remercions notre partenaire: NOAA A la station ‚ÄûWiesenburg‚Äú, pour ao√ªt, les donn√©es comprises entre les ann√©es 1999 et 2005 ont √©t√© retenues pour le calcul de la moyenne.",1
"On a n√©anmoins utilis√© les coliformes totaux comme substitut d'E. coli, principalement parce qu'il n'y avait pas de m√©thodes syst√©matiques permettant de distinguer E. coli des autres coliformes.",1
"Le mois dernier des personnes qui √©taient dehors tard la nuit ont rapport√© avoir vu un a√©ronef, mais peu en croient les histoires.",1
"Selon nos donn√©es, Ryanair, Wizz Air et Blue Air sont les compagnies a√©riennes les moins ch√®res sur ce trajet.",1
√Ä quelle heure sont le premier et le dernier train Paris-Gare-de-Lyon - Montpellier St-Roch ?,1
"Ce programme vise √† faire en sorte que l'√©quipement, les gares et les autres immobilisations de VIA Rail soient maintenus en bon √©tat de fonctionnement, √† am√©liorer la s√©curit√©, l'accessibilit√© et le service aux passagers, en se concentrant particuli√®rement sur le corridor Qu√©bec-Windsor, d'o√π proviennent une bonne partie des usagers de VIA Rail.",1
Elle fera ce qu'il demande sans poser de questions.,0
"En tant que partisans de la transparence, nous √©num√©rerons tous les points positifs et n√©gatifs de chaque casino.",1
"Ce type d'investissements est une tr√®s bonne nouvelle au vu de la situation que conna√Æt actuellement le secteur de la c√©ramique en Espagne, et nous voudrions profiter de ces quelques lignes pour les remercier de la confiance qu'ils nous accordent.",1
Il ne sait pas.,1
Il y a une conf√©rence √† Grandview.,0
- T'as eu √ßa o√π ? - Pourquoi ?,0
La surface de l'eau est une des donn√©es les plus importantes pour un bassin qui doit bien fonctionner biologiquement car c'est l√† que se fait l'√©change de gaz entre l'eau et l'air. (c'est une couche membrane pour l'√©change oxyg√®ne/CO2).,1
"A propos, j'ai quelque chose qui pourrait vous donner du beaume au coeur:",0
"Si vous laissez votre laissez-passer de contr√¥le de s√©curit√© expirer, vous devrez remplir un nouveau formulaire de demande de CIZR.",1
"Comme avec un march√© haussier, un march√© baissier peut affecter certains secteurs ou de la majorit√© d'un march√© boursier.",1
Choisissez votre activit√© D√©veloppement personnel ci-dessous parmi 4 suggestions √† moins de 200 miles de CBD Singapore .,1
"Bien reli√© √† seulement 9 stations de m√©tro de l'a√©roport et √† 5 minutes du centre-ville de Barcelone en voiture, bus, m√©tro (ligne directe).",0
Qui ? On l'ignore.,0
Des gu√©risseurs !,0
"Il peut √™tre rapide, facile, libre et en plus √† essayer.",1
"Telles seront les banlieues de leurs villes. 6 Parmi les villes que vous donnerez aux L√©vites, il y aura six villes de refuge o√π pourra s'enfuir le meurtrier, et quarante-deux autres villes.",1
Vous devez ensuite appeler la fonction fclose().,1
"Ross : H√© euh, eh bien, aujourd‚Äôhui c‚Äôest ma premi√®re conf√©rence et j‚Äôaimerais la tester sur vous, les gars. √áa vous, √ßa vous d√©range?",0
"Aujourd'hui, le produit de cette construction appara√Æt √† la fois incontournable et fragile.",1
"For√© le lieu du festival local qui est.. e VA par l'interm√©diaire, d√©cision de rappel.",0
"Clen peut faire partie de l‚Äô√©quation, un gadget utile √† vos demandes de combustion des graisses; il est n√©anmoins pas la r√©action tout seul.",1
Ce sera plus s√ªr et permettra aussi d'√©conomiser du carburant.,0
L‚Äôaction de la gravit√© aux hautes temp√©ratures transforme certaines puissances de circuits en √©nergies rayonnantes.,1
90 days of work now...Millionaire Tomorrow $$$ carte cacher cette annonce r√©tablir r√©tablir cette annonce,0
%30 bonus de d√©p√¥t et 25 tours gratuits sur la Sakura Fortune machine √† sous vid√©o √† la Maison de Jack de casino,0
"Fans d‚Äôadr√©naline et amateurs de good vibes, mettez √ßa √† votre agenda, et suivez-nous pour en apprendre plus sur la programmation!",0
"Karl, s'il vous pla√Æt !",0
Levez les boucliers d√©flecteurs.,0
"A cette √©poque, notre d√©l√©gation parlementaire ne b√©n√©ficiait encore que du statut d‚Äôobservateur, mais chaque fois qu‚Äôelle revenait de Strasbourg, elle ne manquait pas d‚Äôen rapporter des id√©es nouvelles propres √† faciliter notre retour dans la famille des nations d√©mocratiques d‚ÄôEurope.",1
- C'est √©vident.,0
"Si vous n‚Äôavez pas r√©solu votre probl√®me avec Pyle PT798SBA, avec l'aide du manuel que vous avez trouv√©, posez une question en utilisant le formulaire ci-dessous.",1
50 millions d'euros pour l'extension du parc scientifique de Helsinki.,1
"C'est toujours mort, ici, les veilles de revue.",0
"Toutefois, l‚ÄôInstitut inclut les soci√©t√©s mini√®res √† titre de partie prenante essentielle dans son processus d‚Äôengagement.",1
Une d√©licieuse recette pour un invit√©.,1
"Je veux dire, avoir de la pornographie sur votre PC c‚Äôest des ann√©es 2000, je ne suis pas s√ªr de savoir qui le fait encore... peut-√™tre l'ancienne g√©n√©ration ou certaine merde.",0
"Avec des objectifs allant de l'√©radication de la faim √† la fourniture √† tous de l'√©lectricit√© en passant par la protection des biosph√®res terrestre et aquatique ainsi que la lutte contre les changements climatiques, ce large √©ventail d'objectifs, parall√®lement aux 169 cibles et 228 indicateurs qui les d√©finissent, pr√©sente un ambitieux programme pour le changement entre 2016 et 2030.",1
"Un dispositif de ce g√¢teau s√ªr, sol bien√† l'abri de l'humidit√© et le gel, mais en m√™me temps et est co√ªteux.",1
"Du soutien √† la litt√©ratie et √† la num√©ratie de base au soutien financier et aux exp√©riences professionnelles offertes aux √©tudiants, en passant par la formation en m√©tiers sp√©cialis√©s, le gouvernement offre aux √©tudiants une vaste gamme de programmes de comp√©tences pour r√©pondre aux divers besoins.",1
"Mais cette histoire entre vous et moi, ce n'est pas un article que je peux √©crire.",0
"""Des exp√©riences r√©alis√©es avec un tel syst√®me d'isolation 7 montrent que, du fait de l'√©paisseur sur la couche en feuille m√©tallique ext√©rieure 3, qui, dans le test, √©tait constitu√©e de 40 Œºm d'aluminium pur, celui-ci satisfaisait √† l'exigence stipul√©e dans la r√©glementation su√©doise de protection ignifuge """"couche superficielle de classe 1"""" selon SS 02 48 23/NORDTEST-FIRE 004.""",1
"Prie le Rapporteur sp√©cial sur la situation des droits de l'homme au Myanmar de suivre l'application de la pr√©sente r√©solution, notamment en demandant √† se rendre d'urgence dans le pays, et de faire rapport au Conseil des droits de l'homme √† la reprise de sa sixi√®me session et, √† ce sujet, engage instamment le Gouvernement du Myanmar √† coop√©rer avec le Rapporteur sp√©cial;",1
Vous songez √† construire votre propre syst√®me d‚Äôaffiliation ?,0
"Cet exemple d√©crit un proc√©d√© de r√©alisation pratique, en trois √©tapes, d'un ensemble collecteur-√©lectrode destin√© √† un g√©n√©rateur √† √©lectrolyte polym√®re √©galement repr√©sent√© de fa√ßon tr√®s g√©n√©rale √† la FIGURE 1.",1
"""Et √ßa devait √™tre votre grand, weekend """"on se remet ensemble"""" ?""",0
Ou peut-√™tre le d√©but parfait pour votre soir√©e!!,0
"Les √©l√©ments cl√©s de masque public de Bush ou persona, correspondent √† la communaut√©-service orient√© bien-pensant Dink Stover, un ajout au d√©but aux mille points de lumi√®re.",1
"‚ÄòNous avons besoin de l‚Äôengagement fort de toutes les R√©gions afin d‚Äôam√©liorer le partage des avantages et le fonctionnement du Syst√®me Multilat√©ral du Trait√© pour l‚Äô√©change de la diversit√© des cultures‚Äô, a d√©clar√© M. Matthew Worrell, Pr√©sident de la Sixi√®me Session de l‚ÄôOrgane directeur du Trait√©.",1
"Consultez votre transaction financi√®re donc o√π et quand vous voulez, en utilisant votre t√©l√©phone portable.",1
"Veste matelass√©e pour homme, ferm√©e par une fermeture √©clair. Tissu de haute qualit√©. La capuche prot√®ge du vent et de la pluie. Deux poches ext√©rieures verticales, cach√©es dans les coutures lat√©rales de la veste. Disponible en version couleur noire. La veste fait partie de la ligne Dakar Diverse Extreme Team.",1
Tu dois continuer.,0
- Le bus est bloqu√©.,0
La dur√©e de la p√©riode d'√©tudes standard d√©pend de votre discipline et de l'universit√©.,1
Pr√©visions m√©t√©o pour Oakleigh cette semaine,0
"""Ce financement est ce qui a permis au mouvement √©cologiste d'acc√©der √† l'√©norme pouvoir politique qu'il d√©tient. """"""",1
Je connais quelqu'un.,0
"Si vous allez faire usage de la location de voiture Bentley Turba, Estonie, alors vous devez etre un vrai connaisseur de bonnes voitures, qui combinent harmonieusement la qualite et le design, la vitesse et le confort, la puissance et la beaute.",1
"L‚ÄôAPCE avait alors √©t√© pouss√©e par une opinion europ√©enne choqu√©e par les bombardements sur Grozny qui avaient d√©j√† fait plusieurs milliers de morts, et dont les t√©l√©visions disaient chaque jour qu‚Äôils ¬´ s‚Äôintensifiaient ¬ª. [...]",1
Ajoutez √† cela des balades en cal√®che et de l'initiation √† l'attelage...,0
"Tr√®s spacieux et lumineux... comprend deux salles, deux cuisines.",0
"705.92 Hache de secours Une hache de secours est install√©e dans le poste de pilotage, sur la cloison situ√©e derri√®re le si√®ge du pilote. 84.8.AC.10; art. 7 O",1
Des ressources √† votre mesure - points saillants du nouveau programme de cours,0
"Le bungalow lui-m√™me est simple et confortable avec tout ce dont nous avions besoin (pots et des casseroles, des jouets de plage, etc.",0
:: La sant√© et les substances toxicomanog√®nes chez les jeunes;,0
"Il ya 1 semaine 06:04 JizzBunker voyeur, maman salope, cach√©, bureau, douche",0
Elle t'√©coute car elle t'admire.,0
"NetworkCare propose une gamme compl√®te d'ententes de niveaux de service √† nos clients qui comprennent les services de surveillance, de gestion et de soutien √† valeur ajout√©e dont ils ont besoin pour leurs r√©seaux converg√©s, voix et donn√©es. Nous mandat consiste √† assurer le rendement des syst√®mes.",1
"Sur la gauche du symbole, une paire de chiffres indique le flux d'air en position de fonctionnement. ACTIONNEMENT ET RETOUR EN POSITION DE REPOS Le mode d'actionnement et le type de retour en position de repos est identifi√© par un symbole sp√©cial, comme le montre la figure ci-dessous.",1
Avez-vous une question √† propos de ViewSonic V35?,1
". (EN) J'ai vot√© en faveur du rapport Markov, car je pense que ce rapport a raison de louer le r√¥le de la Banque europ√©enne pour la reconstruction et le d√©veloppement pour l'aide qu'elle apporte aux PME dans les anciens pays communistes de l'Europe centrale et orientale.",1
"L'Ontario a nomm√© une nouvelle juge √† la Cour de justice de l'Ontario, avec effet au 22 juin 2016.",1
"2. Le DPF devrait rappeler √† tous les d√©tenteurs de cartes d‚Äôachats et aux gestionnaires qu‚Äôune autorisation, en vertu de l‚Äôarticle 32 de la LGFP, doit √™tre obtenue du titulaire du budget pour tous les achats effectu√©s par une carte d‚Äôachat, quelles que soient leurs valeurs.",1
√áa va allez.,0
Chez Hyundai Casavant pr√®s de St-Hyacinthe vous trouverez un v√©hicule qui correspond √† vos besoins ainsi qu'√† votre budget.,1
"Un totem est une chose, mais elle est bien plus puissante que tout ce que nous avons pu voir.",0
"Non, il n'y a rien ici.",0
"La mise en ligne de photos, vid√©os ou images, qui ne pr√©sentent pas le produit, voire ces avantages, de photos de personnes n‚Äôest pas autoris√©e.",1
J'ai pens√© √† ce moment... A... √† quoi je ressemblerais... ce que je dirais.,0
"Ajoutez √† la Visionneuse #3244991 - r√©sum√© la peinture acrylique avec des poissons symbole, les oeuvres..",0
"Ce bo√Ætier de transfert a une performance de simulation tr√®s √©lev√©e de la vraie, augmente l'authenticit√© de votre voiture.",1
Phen375 Halifax Canada: Commentaires Et O√π Acheter ?,0
"Par exemple, pour citer un texte √©crit par M. Dupont, vous devrez entrer:",1
Tout comme je faisais semblant d'aimer mamie.,0
2 Le Seigneur de la Galaxie Tachyon boosters,0
Je te donnerai des hommes qui veulent gouverner le monde.,1
‚ùç Garder le couvercle sur la carafe lorsque l'appareil est utilis√©.,0
"La nouvelle configuration triangulaire entre les Song du Sud, les Jin et les Xia occidentaux prolonge la p√©riode de division et de conflits en Chine.La r√©gion du Huainan (entre les fleuves Yangzi Jiang et Huai He) devient la nouvelle zone frontali√®re et le th√©√¢tre de combats entre Song et Jin entre 1128 et 1141, contraignant ainsi des milliers de familles vivant dans la r√©gion depuis des g√©n√©rations √† fuir[78].",1
"Puis vient son c≈ìur chaleureux, un bouquet floral o√π le jasmin tient la vedette.",1
"Les donn√©es centralis√©es facilitent le suivi permanent du fonctionnement des installations, apportent une meilleure connaissance du r√©seau et permettent d‚Äôen optimiser le fonctionnement.",1
"- Une grosse qui tombe ? Non, mais c'est dr√¥le.",0
"Je vous en prie, profitez bien de votre soir√©e.",1
- Volontairement ?,0
La cam√©ra permet l'observation des images sur un moniteur de type t√©l√©vision.,1
"Toutefois, les d√©l√©gu√©s demandent qu'un traitement particulier et un acc√®s accru aux march√©s soient accord√©s aux principaux produits d'exportation des pays ACP.",1
- Et si elle n'est pas seule?,0
"Swastika ‚Äî √âcoutez, regardez, t√©l√©chargez et d√©couvrez gratuitement de la musique sur Last.fm Pr√©c√©dent",0
Je peux le deviner.,0
La force de Digitalis repose sur son ergonomie et sa capacit√© √† s'adapter √† vos besoins sp√©cifiques.,1
Nous pouvons utiliser vos informations personnelles pour vous envoyer des informations promotionnelles sur des tiers qui nous pensons susceptibles de vous int√©resser si vous nous dites que vous voulez que cela se produise.,1
Renseignez-vous sur l‚Äôapprovisionnement en mati√®re de d√©fense et sur la fa√ßon de soumettre des projets de publicit√© au minist√®re de la D√©fense nationale.,1
"Pour la transmission de signal des cam√©ras multi de mani√®res, nous avons particuli√®rement d√©velopp√© le divers c√¢ble de signal compost√© avec 13PIN √† PIN 22 avec l'armature s√©par√©e, et les clients gagn√©s parlant fortement.",1
52. Le projet de transfert de technologie en vue de la production de farines compos√©es qui est financ√© par le PNUD et ex√©cut√© par l &apos; Institut de la nutrition pour l &apos; Am√©rique centrale et Panama (INCAP) s &apos; est achev√© avec de bons r√©sultats.,1
Plus de cette chambre d'h√¥te √† Ophemert,0
Merci pour l'ajout.,1
"Le Passbask est le pass international transfrontalier avec lequel vous pourrez voyager jusqu‚Äô√† Bayonne, avec Euskotren et SNCF, avec un seul billet et de mani√®re illimit√©e pendant la p√©riode de validit√© du billet.",1
Il nous faudrait...,0
"Mon psy dit que je dois sortir, mais...",0
Je n'aime pas ce spectacle.,0
"Le Gouvernement indon√©sien et les plus hauts responsables de l &apos; arm√©e indon√©sienne ont viol√© le droit humanitaire international en s &apos; en prenant √† des civils; en menant des offensives militaires aveugles, √† la faveur desquelles ils ont parfois utilis√© des armes interdites comme le napalm; et en pillant et en d√©truisant sans raison les biens de la population civile;",1
L‚Äôun de ses avantages est qu‚Äôil peut √™tre utilis√© pour financer des mesures adapt√©es √† la situation sp√©cifique de chaque travailleur concern√©.,1
Le meilleur du mois hellu 8 points.,0
Il veut que j'aille le voir pour toucher ces biceps et plus ! Rachel: Tu rigoles ?,0
J'√©tais au Hoser Hut...,0
Je vais apporter le g√¢teau.,0
SIXT Location de voiture dans les a√©roports pr√®s de Saint-Louis,0
"3 Pour autant que je puisse le d√©terminer, cette page en particulier, 4 avant que je ne renonce √† pousser plus loin mes recherches √† ce sujet parce 5 que je pensais qu'on n'√©voquerait pas ce document, cette page particuli√®re 6 n'a pas de rapport avec le t√©moin.",1
Vous ne pensez pas que je suis un peu trop qualifi√©e pour √ßa ?,0
"Suivez ce lien pour avoir un avant-go√ªt film√© de Robin et Marion, une magnifique pi√®ce savamment interpr√©t√©e par Renaud Lacelle-Bourdon, Gabriel Lessard, Kim Despatis et Marilyn Perreault. Un texte magique d‚Äô√âtienne Lepage et une mise en sc√®ne exquise de Catherine ... Continuer la lecture ‚Üí",1
O√π s√©journer √† Perryville,0
QuitNow! PRO - Arr√™ter de fumer - 4.0 en dehors de 5 bas√© sur les 4 votes,0
"Notre Robot,de Signaux et de Logiciel est totalementGRATUIT! Harry up and SIGN UP NOW",0
Quand se rendre √† Veazie,0
Le monde s'est uni pour trouver une r√©ponse √† la crise √©conomique mondiale.,1
‚Äî Ah... oui... (Il met beaucoup plus de temps qu‚Äôil ne devrait √† le trouver sur leur site.),0
"Ins√©rez simplement un CD ou une cl√© USB, ou chantez en c≈ìur des chansons de YouTubeMC au moyen de BluetoothMD.",0
Obtiens 10% de rabais sur les excursions de canyoning avec ta carte de membre HI.,0
"*Donc, Charles √©tait un enfant DiLaurentis, fr√®re d'Alison et de Jason, mais est mort en se suicidant √† Radley?",0
Voir tous les h√¥tels au centre-ville de Miami,0
"Pour moi, c'est vraiment...",0
"La r√©surgence des attentats‚Äêsuicides depuis le d√©clenchement de la seconde Intifada en septembre 2000, qui visent les civils isra√©liens ainsi que des militaires ont fait, jusqu‚Äô√† pr√©sent, plus de 900 morts et des milliers de bless√©s, constitue la principale pr√©occupation d‚ÄôIsra√´l sur le plan de la s√©curit√©.",1
N'y a-t-il que les Esprits √©lev√©s qui remplis-sent des missions? ¬´ L'importance des missions est en rapport avec les capacit√©s et l'√©l√©vation de l'Esprit. L'estafette qui porte une d√©p√™che remplit aussi une mission mais qui n'est pas celle du g√©n√©ral. ¬ª,1
"Pour sa virtuosit√© dans la pr√©sentation d'un stop-motion riche et baroque, mont√© sur un rythme hallucin√© d'un √©pisode fou, rejouant le traumatisme de l'abus sexuel et ses √©chos d'une surprenante ironie.",1
- C'est une blague ?,0
Gare √† ses pieds!,0
Faites voter fiablecourse √† vos amis !,0
"- Non, je ne les connais pas !",0
J'aime bien.,0
Le Frida... fermer... plus...,0
Les plus chaudes vid√©os de sexe de famille endormies mettant en vedette de vrais amateurs - seulement √† Night Penetration !,0
"Cette longue xylophone et maillets en bois de 27cm , les deux premi√®res chansons sonnent tr√®s professionnel .",1
- En prison ?,0
Et c'est pour √ßa que tu dois...,0
Emoticon t√©l√©charger et d√©tails - Coups de coeur battant,0
Mais cela ne nous sommes plus qui.,0
"La m√™me chose, quoique dans une moindre mesure, va pour l'emballage.",1
"Quant √† nous, nous ferons notre effort √† Lausanne, et ceux qui veulent venir a notre f√™te sont chaleureusement invit√©s.",1
"L'¬´ autorit√© m√©dicale comp√©tente ¬ª dont il est question √† l'article 38.11 peut √™tre un m√©decin agr√©√© par Sant√© Canada, ou tout autre professionnel de la sant√© d√ªment qualifi√© et qui est reconnu par Sant√© Canada.",1
4 SACE Adelaide a √©t√© cr√©e en 1987 et est leader en formation de langue anglaise.,1
"Tous les MCP NVIDIA nForce Professional s√©rie 3000 sont dot√©s d'un contr√¥leur Gigabit Ethernet natif directement connect√© √† la liaison HyperTransport, ce qui r√©duit la latence entre le contr√¥leur Ethernet et le CPU.",1
"Ainsi, l‚ÄôUnion confirme les points ci-dessous :",1
Ce village proven√ßal propice √† l'√©vasion vous accueillera au mieux dans l'un de ses h√¥tels de charme.,1
Toutes les deux!,0
"516. Les centres de soins primaires ont int√©gr√©, en 2002, un nouveau programme destin√© aux enfants intitul√© &lt; &lt; Programa del nen sa &gt; &gt; (Programme de suivi de l &apos; enfant sain), dont les objectifs g√©n√©raux sont les suivants:",1
"Naidoo a aussi insist√© sur le fait que ¬´ la crise du changement climatique pourrait √™tre convertie en une opportunit√© ¬ª, preuve en est l‚Äôalliance qui a vu le jour entre les syndicats et les mouvements √©cologistes.",1
"C‚Äôest pourquoi nous revendiquons le droit de prendre des mesures allant dans le bon sens, y compris l‚Äôinstauration d‚Äôun contr√¥le des capitaux et de tout dispositif permettant de pr√©server les salaires et les pensions.",1
Ca n'a rien √† voir avec eux !,0
Next message: [grisbi-bugs] [Grisbi-0.6.0 0000746]: les frais ne sont pas pris en compte dans les montants,0
- Tu voulais pas manger ?,0
The post Une √©tude r√©v√®le le degr√© de sensibilit√© au genre des partenariats mondiaux public-priv√© pour la sant√© appeared first on SUN.,1
Et voil√† que je peux plus ouvrir mes yeux !,0
"Pas m√™me Marilyn Monroe, elle m√™me.",0
"Comme on peut le voir √† la figure 6, la cuve 500 comporte un orifice d'indexation 503 correspondant √† la pi√®ce d'indexation 133 dans lequel ladite pi√®ce 133 sera ins√©r√©e.",1
"Il l'y a emmen√©e, et il est rest√© jusqu'√† sa mort.",0
Les filiales fran√ßaises aux Etats-Unis exportent chaque ann√©e pr√®s de 23 Md USD de biens depuis le sol am√©ricain vers des pays tiers (BEA).,1
14.1 Les pr√©sents Termes du Contrat avec les Utilisateurs sont r√©gis par la loi de la R√©publique italienne.,1
Je m'en fais pas pour √ßa.,0
Je sais pas trop comment me servir de ce truc.,0
- Tu es belle.,0
Les annonceurs et/ou autres fournisseurs de contenu pouvant appara√Ætre sur ce site Web pourraient utiliser des t√©moins qui ne proviennent pas du site de K√©rastase.,1
De Les grottes de Han parc de jeu + (fortement recommand√© !!),0
¬´ C‚Äôest vraiment tr√®s diff√©rent de Madrid ¬ª dit elle avec un joli sourire !,0
"Le Chef Jean-Luc Tartarin et son √©quipe mettent leur savoir-faire au service d'une cuisine de grand-m√®re, g√©n√©reuse, et vous accueillent pour un moment gourmand et chaleureux.",1
Voyage en autocar de ligne Obtenez jusqu‚Äô√† 50% du prix du billet en cas de transport par autocar annul√© ou retard√©,1
"Proc√©d√© selon l'une des revendications 1 √† 7, comprenant apr√®s l'√©tape c) des √©tapes consistent √†:",1
"Mais j'aime √ßa, c'est s√ªr.",0
"Diana 2014-03-03T00:00:00Z Encore une fois, j'ai eu une tr√®s agr√©able √† Ben et la maison de Prachi.",1
J'ai beaucoup de travail √† faire.,0
"Les ministres responsables, entre autres, de l‚Äôenvironnement, des services sociaux, des transports et de la s√©curit√© routi√®re, et des affaires autochtones et du Nord ont tous tenu des rencontres fructueuses.",1
Lire aussi: Petit-d√©jeuner romantique: Surprenez qui vous aimez avec ces id√©es,0
"En outre, √©tant donn√© qu‚Äôil est un d√©riv√© de DHT, il est structurellement incapable de convertir √† l‚Äô≈ìstrog√®ne, de sorte que les personnes qui pourraient √™tre sensibles √† gynocomastia ou la r√©tention d‚Äôeau ne sont pas r√©ellement besoin de se tracasser √† ce sujet des probl√®mes √©mergents.",1
R√©servez Avant Vos Vacances D'√©t√© 2020 En Toscane!,0
"Anthony Delaplace : ¬´ On est sorti √† 11 coureurs, c‚Äô√©tait int√©ressant.",0
"A quelques kilom√®tres de l√†, il y a des sentiers courts avec des abris et des paniers-repas.",0
"""Un autre probl√®me, auquel la plupart des gens sont confront√©s lorsqu'ils cherchent une th√©rapie, est la tendance √† appliquer le terme de """"co-d√©pendance"""", qui suppose √† l'origine un partenaire ou une personne d√©pendante de drogues, √† toute interd√©pendance, d√©courageant ainsi tout espoir de relation vraiment intime.""",1
Pour augmenter l'image grenouille dans le lac appuie sur un gauche bouton de la souris.,1
- Je vais vous expliquer!,0
La base de donn√©es est d√©velopp√©e pour l'usage interne par plusieurs utilisateurs (op√©rateurs).,1
"4.2 Le CESE consid√®re que les ITC et les PPP contractuels repr√©sentent une exp√©rience positive de cr√©ation de partenariats europ√©ens s'ils sont en mesure de rassembler dans un cadre pluriannuel des fonds europ√©ens, nationaux et priv√©s, un savoir-faire et des capacit√©s de recherche et d'innovation, dans le but de partager les connaissances.",1
Qu'est-ce que tu fous?,0
"Il y a 10 jours - Russia. Moscow, Homme, freelancer",0
Achetez d‚Äôes maintenant votre Tom Ford Fender 799 50E 59 16 lunettes d'une mani√®re facile et s√©curitaire au meilleur prix dans notre boutique en ligne.,1
Pr√©visions m√©t√©o pour Bersenbr√ºck cette semaine,0
"Ce panorama volcanique si particulier est quelque chose d'unique que je vous recommande vivement, et vous n'avez pas besoin d'√™tre un expert en trekking pour en profiter (couvrez-vous juste et oubliez les tones.",0
"- C'est mon camion, en effet.",0
Cette ligne de r√©sistance pourrait fonctionner comme un plafond et pousser les prix vers le bas.,1
"Notre licence et notre r√©glementation sont homologu√©es par la Malta Gaming Authority.Nous nous sommes donc engag√©s √† respecter les normes internationales.En outre, afin de garantir notre conformit√©, nous sommes soumis √† des audits ind√©pendants et √† l'autorit√© de l'organisme e-Commerce Online Gaming Regulation and Assurance (eCOGRA).",1
- Pourquoi tu as piss√© ?,0
"‚ÄúExcellent hotel, tout est parfait, la chambre est...‚Äù",0
"√Ä partir d‚Äôun √©chantillon d‚Äôinspections examin√©, on constate que ces proc√©dures sont appliqu√©es de fa√ßon uniforme, √† quelques exceptions pr√®s, essentiellement li√©es √† la tenue des r√©unions de cl√¥ture avec les titulaires de permis et √† l‚Äôobtention d‚Äôun avis confirmant qu‚Äôils ont bien re√ßu les observations de l‚Äôinspection.",1
- Qu'est-ce que ca signifie?,0
Notre objectif est que les deux parties sont satisfaites dans l'achat - vente .,1
"Les PVVIH devraient √©viter les vaccins contre le chol√©ra, la typho√Øde, la fi√®vre jaune et la variole.",1
Nous recommandons plut√¥t que les ACVM envisagent de consid√©rer comme des √©metteurs de premier rang ceux dont les valeurs mobili√®res sont cot√©es √† la Bourse de Toronto et comme des √©metteurs de second rang ceux dont les valeurs mobili√®res sont cot√©es √† la Bourse de croissance TSX.,1
"Les d√©l√©gu√©s ont adopt√© la d√©cision qui, entre autres: accueille avec satisfaction le rapport du GTI inclus dans le document ICCD/COP(12)/4; approuve la d√©finition scientifique de la NDT donn√©e par le GTI; d√©cide que les efforts visant √† atteindre la cible 15.3 des ODD est un moyen fort de conduite la mise en ≈ìuvre de la Convention; et d√©crit des actions sp√©cifiques que les Parties peuvent entreprendre, ainsi que le Secr√©tariat, le MM et d'autres parties prenantes.",1
"Pendant le terme de mai, les majors et les mineurs espagnols visitent des sites d'int√©r√™t culturel et √©tudient √† Heredia, au Costa Rica; Les √©tudes fran√ßaises / fran√ßaises majeures et mineures se rendent dans un institut de langues √† Paris; √âtudes allemand / allemand majors et mineurs visitent plusieurs villes en Allemagne.",1
Tu √©cris √† ta fianc√©e?,0
"30.1 Paroles d'Agur, fils de Jak√©. Sentences prononc√©es par cet homme pour Ithiel, pour Ithiel et pour Ucal. 30.2 Certes, je suis plus stupide que personne, Et je n'ai pas l'intelligence d'un homme;",1
Et vous savez ce qui est effrayant est-il r√©ellement go√ªt√© sorte d'amende.,0
"Quant au vent, les pr√©visions autour de Sakurajima...",0
- Du d√©but !,0
"Elle ne pr√¥nait donc pas l‚Äô√©mancipation et l‚Äô√©ducation des femmes uniquement au nom de l‚Äô√©quit√©, mais aussi parce qu‚Äôelle croyait que les filles devaient avoir de l‚Äôinstruction pour bien jouer leur r√¥le au foyer et que le travail en usine ne les pr√©parait pas √† assumer leurs fonctions d‚Äô√©pouse et de m√®re.",1
J'ai pass√© mon examen de conduite ce matin!!!,0
Quand la nuit fera tourner la boussole,0
"Et contrairement √† ce que la plupart des √©missions de cuisine TV pensent, VOUS NE POUVEZ PAS METTRE BOUILLON DE POULET dans un plat et l'appeler sans viande!!!!!!!!!",0
"17 R. Je vous ai dit qu'au nouveau cimeti√®re, il y avait 938 victimes qui ont",1
"Mais si vous aimez l'art, la National Gallery doit √™tre sur votre liste de choses √† faire.",0
Questions et r√©ponses Obtenez des r√©ponses rapides du personnel et des anciens clients de Casa Renada.,1
Ils les a tu√©s tous.,0
Ce document expose la d√©marche ayant servi √† √©laborer les estimations et projections contenues dans le rapport principal.,1
"Nous, petits humains √† l'esprit √©troit, nous ne sommes pas le nombril de l'univers.",0
Mon p√®re ne doit pas savoir que je suis dans le robot.,0
Cela ne peut √™tre vrai.,0
Comment r√©cup√©rer des donn√©es lorsqu'il est impossible de saisir un mot de passe sur le Samsung S7,1
"Il est √©galement couramment utilis√© dans les mat√©riaux de construction, les plastiques et vous l‚Äôavez devin√© ... dans les vernis √† ongles.",0
Le rapporteur l 'a d' ailleurs √©voqu√© dans son intervention.,1
Je ne dirais pas pourquoi et elle ne voulait pas r√©pondre √† mes appels.,0
Voici les 5 plus grands marathons au monde:,0
Ses cheveux rouges ne mentent pas!,1
Cette mesure s'applique aux fournitures taxables r√©elles effectu√©es apr√®s le 21 mars 2013.,1
"Les signaux END2 et END3 sont √©labor√©s de fa√ßon analogue dans les autres unit√©s et bien entendu, pour une unit√© U2 ne pouvant pas fonctionner en anticip√©, on a toujours: EPMATHMARKEREP",1
"L'Agence de sant√© publique du Canada??L'Agence de sant√© publique du Canada, bien que n'√©tant pas une organisation partenaire, a fourni des fonds au IRSC pour cette √©tude, sous forme de subvention.?La mission de l'Agence de sant√© publique du Canada (ASPC) est de promouvoir et de prot√©ger la sant√© des Canadiens gr√¢ce au leadership, aux partenariats, √† l'innovation et aux interventions en mati√®re de sant√© publique.",1
Et le programme plein air Schwarzbrunn veille encore √† une bonne humeur d‚Äòhiver!,0
"Mais j'ai parl√© avec Carol et elle m'a expliqu√© ta situation, et j'ai r√©alis√© que je t'avais peut-√™tre... tu sais, juste.. mal jug√©, donc je m'excuse.",0
"""Pour voir et configurer ces options, cliquez sur le lien Cliquez pour configurer les options des messages"""", si disponible.""",1
Une eau calcaire se caract√©rise essentiellement par du carbonate de calcium dissous qui se d√©pose sous forme de tartre sur les surface en contact avec l'eau.,1
Je l'ai fait avec mes v√™tements.,0
Vous ne savez pas quel type de fichier DQY vous avez ?,0
‚ñ∂ Nouvelle offre: des prix quotidiens √† collecter pendant un mois!,0
R√©servez une location de voiture chez addCar √† Varna Airport par l‚Äôinterm√©diaire de Rentalcars.com et vous pourrez modifier votre r√©servation sans frais.,1
Il est √©galement une bonne marche de la plage (environ 10 min.). ¬ª,0
"Naturellement, la description qui vient d'√™tre fa√Æte ne concerne qu'un mode de r√©alisation possible de l'invention, d'autres formes de r√©alisation √©tant n√©anmoins possible.",1
"L'invention sera mieux comprise √† l'aide de la description suivante d'une forme de r√©alisation d'un dispositif de s√©curit√© selon l'invention, en r√©f√©rence au dessin annex√©, sur lequel :",1
"Ivy rose essaie de pianer le casque d'un fougueur c√©l√®bre sur xxxpawn,",0
La CCG a envoy√© une note de service aux membres de l'industrie en juillet 1999 pour les informer des plaintes formul√©es √† l'√©gard de la non-conformit√© aux dispositions du r√®glement et les inviter √† transmettre leurs commentaires pour savoir si les dispositions devraient √™tre conserv√©es ou abrog√©es.,1
La couleur ressemble beaucoup au bleu Klein avec de dr√¥les de cornes qui jaillissent de la toile et viennent jouer avec la lumi√®re tr√®s forte qui la surplombe.,1
Nous avons men√© des enqu√™tes sur les sites de r√©seautage social et nous avons trait√© des questions int√©ressantes soulev√©es par la technologie de l'imagerie √† l'√©chelle de la rue servant √† repr√©senter nos villes sur des cartes.,1
"Angel, ces fusils ne l'emp√™cheront pas de piller les villages.",0
Les participants avaient le droit de changer d'option durant l'√©tude et recevaient une compensation financi√®re lors de chaque visite √† la clinique.,1
"Rien n'a chang√©, alors non.",0
Il faut prendre l‚ÄôEviplera une fois par jour avec un repas.,1
4 Pr√©visions m√©t√©o pour Hatch la semaine prochaine,0
Le rapport indiquait que les progr√®s r√©alis√©s en mati√®re d‚Äôalignement sur l'acquis restaient limit√©s.,1
Retour /Informations sur la soci√©t√© Comment puis-je trouver un magasin √† proximit√©?,1
Bob Burke est notre tueur.,0
"J'aime la science, mais ici la ou l'action est.",0
"Bien s√ªr, nous aimerions que chacun ach√®te r√©ellement une copie mat√©rielle du CD, mais si quelqu'un nous √©coute d'abord apr√®s un t√©l√©chargement et aime √ßa, c'est d√©j√† une victoire pour nous, tu sais.",0
C'est mon premier cours de cuisine.,1
Je n'ai rien √† t'offrir Que ce que mes yeux voient,0
SECTEURS EN EXPANSION Le gouvernement de Nairobi a entrepris une s√©rie de discussions avec des partenaires internationaux dans le but d'accro√Ætre la contribution des investisseurs √©trangers dans la croissance du secteur agricole qui repr√©sente encore le pilier de l'√©conomie nationale et fait vivre le 75% de la population.,1
- √áa vient ?,0
"Pour acc√©l√©rer la mise en application de la budg√©tisation ax√©e sur les r√©sultats, il importe d'√©largir la marge d'initiative des responsables de programme.",1
Mais je peux vous...,0
7:00 2 asiatique filles lotion sur corps Jouir tandis que putain de avec doubledildo et stra AsiatiqueGrosse chatteDouble,0
¬´ Partager ces solutions au-del√† des fronti√®res permet de cr√©er de nouvelles opportunit√©s d‚Äôamplifier leur r√©sonnance et de fa√ßonner un monde meilleur.,1
"Parmi leurs activit√©s caritatives notables, le couple a contribu√© sans rel√¢che au bazar de la R√©sidence Saint‚ÄêLouis, organis√© deux fois par an.",1
"Enfin, ils sont faits, nos 2 appartements meubl√©s avec go√ªt dans M√∂rbisch.",0
"Tandis que Total Gold Casino pourrait proposer des jeux de hasard en ligne dans Netherlands, nous ne recommandons pas le jeu l√†.",1
"Le Parlement europ√©en a repris les grands principes des propositions de la Commission, notamment sur le plafonnement des aides, le verdissement de 30% des paiements directs ou encore une politique de d√©veloppement rural plus adapt√©e √† la diversit√© des d√©fis locaux.",1
Il est pentu et peut donner des frayeurs (chutes de pierres).,0
"Des bus sont disponibles aux stations Silom, Khao San Road, et Sukhumvit, et de la station Hua Lamphong de Skytrain.",1
"L'√©tude a r√©v√©l√© que chez les patients prenant Multaq, il y avait eu moins d'hospitalisations dues √† des troubles cardiovasculaires (probl√®mes affectant le c≈ìur et les vaisseaux sanguins), en particulier ceux li√©s aux fibrillations auriculaires.",1
Il est agr√©able qu'il n'y ait pas de limites de temps et ne pas √™tre distrait par l'accumulation de points.,1
"* Nous offrons QS4A215Q1 pour prix comp√©titif sur le march√© mondial, s'il vous pla√Æt envoyez-nous une demande de quota pour les prix.",1
"La protection des travailleurs migrants, les campagnes contre la discrimination, l'√©galit√© de traitement et l'encouragement √† l'int√©gration sont √©galement autant d'actions concr√®tes et essentielles pour que les migrations contribuent de mani√®re importante et positive au d√©veloppement √©conomique et social des pays d'accueil et des pays d'origine.",1
124. Le Secr√©taire g√©n√©ral pr√©sente le projet de r√©solution DR3.,1
Nous avons trouv√© 2 h√¥tels √† Sharptown,0
Nous prions avec eux:,0
"Lorsque vous ajoutez des disques non permanents partag√©s en lecture seule √† une machine virtuelle √† l'aide d'API Unidesk, la machine virtuelle peut cesser de r√©pondre.",1
Je‚Äìj‚Äôai d√©tourn√© la t√™te. Je ne pouvais pas supporter cela...?... sorti de la chambre.,0
"En raison de sa faible toxicit√© et de la douceur de ses propri√©t√©s essentielles, la chaux √©teinte est largement utilis√©e dans l' industrie alimentaire pour:",1
"Ce r√©sultat a √©t√© atteint, conform√©ment √† l'invention, en adoptant un proc√©d√© qui pr√©voit de:",1
Vous avez d√©j√† une th√©orie.,0
Le syst√®me d‚Äôappel patient/infirmi√®re est int√©gr√© dans les t√™tes de lit hospitali√®res pour faciliter leur installation.,1
"Pas tout pr√®s des restaurants, choix limit√© dans le restaurant d'h√¥tel",0
"mousse au chocolat pour deux6,00",0
J'ai de l'avancement. La laverie de l'oncle.,0
"Tout le monde est invit√© √† se joindre √† la conversation pendant la Journ√©e Bell Cause pour la cause, en envoyant des messages de soutien sur diverses plateformes afin d'accro√Ætre la sensibilisation et d'encourager des actions en faveur de la sant√© mentale.",1
"Si vous avez s√©journ√© √† B&B 't Huys van Enaeme ****, faites-nous savoir ce que vous en pensez et aidez es autres √† faire un bon choix !",0
"Command√©s √† distance, ces mod√®les offrent plusieurs programmes au choix et sont munis de deux moteurs pour une meilleure performance de nettoyage.",1
"""J'esp√®re que tout le monde comprend que, lorsque j'√©voque les """"valeurs europ√©ennes"""", et la """"culture politique europ√©enne"""", je n'attribue √† ces termes aucun caract√®re g√©ographique ni aucun eurocentrisme: en effet, une culture politique fond√©e sur la libert√© et les droits concr√©tise un syst√®me universel de valeurs qui vaut pour tous, Europ√©ens, Africains, Russes et Chinois.""",1
L‚Äôap√¥tre Paul a bien fait comprendre cette pratique aux √âph√©siens lorsqu‚Äôil a demand√© :,1
Conclusion: Lequel √™tes-vous pr√™t √† essayer en premier?,0
Je ne pense pas qu'il l'aura.,0
Quel est le moyen le plus rapide pour se rendre de Heathrow Terminal 5 (m√©tro de Londres) √† Shepherd's Bush ?,1
Mais d'une mani√®re diff√©rente de celle-ci.,0
- Et je te choisis toi.,0
"Grande ouverture, grande fermeture !",0
Des billets de train √† bas prix vers Provo de Florence,0
"Chaque chambre de confinement est sp√©cialement construite pour contenir les effets anormaux de l'entit√©, pour qu'il √©vite de ruiner votre journ√©e !",1
Que ce soit la fin de votre voyage de recherche d'un robot avec succ√®s sur le Forex.,1
Formulaire d'inscription Remplissez le formulaire ci-dessous pour vous inscrire √† cette formation : Ghisonaccia.,1
Il r√©cup√©rera son argent.,0
"Les comit√©s permanents charg√©s d'examiner un Budget des d√©penses peuvent convoquer des t√©moins, dont le ministre et des fonctionnaires du minist√®re ou de l'organisme en question, ainsi que des particuliers ou des membres de groupes int√©ress√©s.",1
PUP.Optional.Adpeak f est un parmi ceux infection qui est capable de rendre votre PC corrompu et inutilisable.,1
"Viens, on rentre.",0
Je vous l'avais dit mais vous vous en foutez !,0
Nous esp√©rons que √ßa n'arrive pas.,0
Vous croyez que c'est un moustique qu'on peut √©carter comme √ßa?,0
"Souvent, il s'agit d'une comp√©tition √† savoir qui a le meilleur d√©cor.",1
"On a d√©termin√© le Jd de l'alcool laurique √† divers taux d'agitation du milieu, et √† diff√©rents sites de l'intestin et ce, chez des animaux de divers √¢ges, de diff√©rents esp√®ces, chez des rats au diab√®te mellitus induit par streptozotocine, suite √† une irradiation abdominale, √† une exposition chronique √† l'√©thanol, et √† diverses di√®tes alimentaires.",1
Vous pouvez obtenir de telles informations de plusieurs mani√®res.,1
D√©couvrez pourquoi Glice est si diff√©rent !,0
"La Commission rend accessible au public la liste des organismes, assortie du num√©ro d'identification qui leur a √©t√© attribu√© ainsi que des t√¢ches pour lesquelles ils ont √©t√© notifi√©s.",1
"Le service de plage, qui comprend 1 parasol et 2 lits (par chambre), divertissement, mini-club avec baby-sitters, danse de groupe, terrains de boules",0
Je vais vite remplir √ßa.,0
J‚Äôimagine que tu as entendu parler de cette bo√Æte ? ¬ª,0
Imaginez baisser le volume ambiant comme vous le faites avec votre lecteur MP3 ou votre cha√Æne St√©r√©o.,1
Arthur: Je ne fais que mon travail.,0
- Comment vont les autres?,0
"Pour les personnes qui travaillent dans un environnement international et entretiennent des contacts √©crits et oraux en anglais avec leurs coll√®gues, clients ou fournisseurs.",1
"1:25 Et ils prirent dans leurs mains du fruit du pays et nous l'apport√®rent, et ils nous rendirent compte et dirent: Le pays que l'√âternel, notre Dieu, nous donne, est bon. < 1:26 Mais vous ne voul√ªtes pas monter, et vous f√ªtes rebelles au commandement de l'√âternel, votre Dieu. 1:27 Et vous murmur√¢tes dans vos tentes et vous d√Ætes: C'est parce que l'√âternel nous hait, qu'il nous a fait sortir du pays d'√âgypte, afin de nous livrer aux mains des Amor√©ens, pour nous d√©truire. O√π monterions-nous?",1
Stop ! Recrache !,0
La temp√©rature et les pluies ont des cons√©quences sur les habitats des plantes et des animaux.,1
[2] il peut √©galement √™tre employ√© comme lubrifiant et plastifiant.,1
"(Arr√™t √† Amalfi environ 1 heure) - Comme derni√®re, visite √† Vietri sul Mare capital indiscutable de la c√©ramique artistique.",0
Tu l'as d√©j√† fait sur moi ?,0
Il est clair que cette compr√©hension du patrimoine culturel en tant que champ de conflit servent √©galement √† encourager la solidarit√© en acceptant diff√©rents.,1
Combien de temps faut-il pour se rendre de Gare de Turin-Lingotto √† Turin ?,1
Vous n‚Äôavez qu‚Äô√† me suivre et nous r√©duirons ce stupide sapin en pi√®ces‚Äù.,0
"Malgr√© le retour des soldats, le Bleu-Blanc-Rouge gagne en effet la coupe Stanley contre les Bruins en 1945‚Äì1946.",1
"L'esp√®ce a plusieurs caract√©ristiques, comme un manque relatif d'agressivit√©, une taille g√©rable, une maturit√© sexuelle pr√©coce, un caract√®re sociable et des taux de reproduction √©lev√©s, qui font qu'elle est particuli√®rement facile √† apprivoiser.",1
- Un connard !,0
Un chalet priv√© tout √† vous...,0
La maison est grande et d√©cor√©e avec go√ªt.,1
"Donc, si vous vous imaginez un guerrier de fin de semaine, un peu de formation √† l'√©quilibre pourrait vous rendre beaucoup mieux.",0
La Conf√©rence invite donc les institutions √† adapter en cons√©quence les dispositions pertinentes.,1
Un No√´l 2017 inoubliable ... ici de petits souvenirs!,0
"MeasureMesure de protection contre la foudre. De la description ci-dessus, vous pourriez savoir qu‚Äôun parafoudre est n√©cessaire pour les projets ext√©rieurs avec √©cran LED. Ceci afin de prot√©ger l'√©cran LED d'une forte attaque √©lectromagn√©tique caus√©e par le tonnerre et la foudre.",1
"Si vous avez d'autres questions, s'il vous pla√Æt envoyez-moi un message comme par le portail, je suis heureux de r√©pondre √† vos questions.",1
Il faut voir les Yankees.,0
T√©l√©charger des images et de les afficher de fa√ßon attrayante.,1
Ilaria Commencez √† √©changer votre maison !,1
- Du nouveau pour l'Italie ?,0
Tu vas bien ?,0
Laisses-nous seul d√©sormais.,1
"Mais saviez-vous que, selon votre canton de r√©sidence, ces p√©nalit√©s sont d√©ductibles fiscalement et qu‚Äôelles peuvent √©ventuellement √™tre int√©gr√©es dans le montant de votre pr√™t souscrit aupr√®s de Cr√©dit Agricole next bank ?",1
"Compte tenu de la vuln√©rabilit√© du pays et de la situation actuelle, il faudra peut-√™tre cr√©er des syst√®mes permanents de protection sociale afin d &apos; √©viter que les probl√®mes cr√©√©s par la d√©sorganisation sociale ne deviennent chroniques.",1
Je veux pleurer mais je suis trop macho.,0
Et ensuite elle s'est √©vanouie.,0
Elle vous en a parl√© ?,1
